Category,2015,2016,2017,2018,2019,2020,2021,2022,2023,2024
3W,0,0,31,12,0,0,0,0,0,0
3W,0,0,0,0,0,0,112,390,545,51
2W,0,0,0,1,0,0,0,0,0,0
3W,0,1,1,0,0,0,0,0,0,0
3W,0,0,0,0,48,66,43,68,266,578
4W,0,0,0,0,3,1,0,0,0,0
3W,0,1,0,0,0,0,0,0,0,0
3W,0,0,2,1,0,0,0,0,0,0
3W,0,1,72,56,42,1,5,3,2,0
3W,0,0,100,625,438,195,256,433,563,355
3W,0,0,0,2,28,14,20,93,279,146
4W,0,1,0,2,0,0,0,0,0,0
3W,0,0,0,0,0,1,0,0,0,0
3W,0,0,0,0,0,0,0,0,0,66
3W,0,2,8,0,0,0,0,0,0,0
3W,0,0,0,0,0,0,0,0,0,164
3W,0,0,33,280,452,256,677,1451,1309,674
2W,0,0,0,0,0,0,0,0,0,2
3W,0,8,94,85,41,3,17,8,0,0
4W,0,0,2,75,0,0,0,0,0,0
3W,0,3,0,4,6,4,6,516,797,312
4W,0,0,0,0,0,1,0,0,0,0
3W,0,1,471,179,10,0,0,0,0,0
4W,0,0,2,6,0,0,0,0,0,0
3W,0,0,0,0,13,0,0,10,34,4
4W,0,0,0,0,1,0,0,0,0,0
3W,0,0,0,0,0,61,202,309,918,1194
3W,0,0,0,0,0,0,0,0,0,16
3W,0,0,1,0,0,0,10,13,18,4
3W,0,0,0,0,1,0,0,0,0,0
3W,0,0,1,0,0,0,0,0,0,0
4W,0,0,1,0,0,0,0,0,0,0
2W,0,0,0,0,0,0,0,0,12,48
3W,0,1,21,240,315,111,207,608,598,329
2W,0,1,0,0,0,0,0,0,0,0
3W,0,0,4,0,0,0,0,0,0,0
4W,6,1,0,0,0,0,0,0,0,0
3W,0,0,0,0,6,2,1,3,4,1
4W,0,0,0,0,0,0,0,0,0,1
3W,0,0,0,0,8,14,34,168,689,927
3W,0,2,17,3,0,0,1,0,0,0
3W,0,0,0,0,1,0,5,3,1,0
3W,0,39,187,176,296,75,53,129,179,152
4W,0,0,2,2,0,0,0,0,0,0
3W,0,0,0,0,0,0,0,0,129,151
2W,0,0,0,0,0,0,65,226,61,8
2W,0,0,0,0,0,1,8,186,138,34
3W,0,1,0,0,0,0,0,0,0,0
3W,0,0,0,0,2,2,1,1,0,2
3W,0,0,1,0,0,0,0,0,0,0
4W,0,0,2,0,0,0,0,0,0,0
2W,0,0,0,0,0,0,1,0,0,0
3W,0,0,0,0,0,0,0,33,190,109
3W,0,0,0,0,1,0,0,0,0,0
4W,0,0,0,1,0,0,0,0,0,0
3W,0,0,0,0,0,0,0,0,138,1048
3W,0,0,0,0,1,0,0,0,0,0
3W,0,0,0,15,6,15,0,14,39,4
MMV,0,0,0,0,0,0,0,0,5,20
3W,0,0,0,0,0,0,0,0,59,131
3W,0,2,239,763,1737,1180,2370,5884,10743,6317
4W,0,0,0,0,0,0,0,0,8,0
3W,0,0,0,0,177,308,381,1626,2517,1804
4W,0,0,0,0,0,0,0,0,1,0
3W,0,0,0,0,0,3,144,699,2512,939
4W,0,0,0,0,0,0,2,0,7,6
2W,0,0,0,0,0,0,0,67,37,14
3W,0,32,7,0,79,30,29,9,13,7
3W,0,6,0,0,0,0,0,0,0,0
3W,0,0,69,41,53,22,64,30,14,55
3W,0,80,114,69,20,15,63,39,162,327
3W,0,0,1,0,0,0,0,0,0,0
3W,0,0,0,0,0,25,113,92,145,55
3W,0,0,0,0,427,656,981,1159,1910,1060
4W,1,0,0,1,0,0,0,0,0,0
2W,0,0,0,0,0,0,0,1497,1574,80
2W,0,0,0,0,1196,4522,12470,79857,42903,857
2W,31,0,0,0,6,153,315,2390,8,0
3W,0,0,44,0,0,0,0,0,0,0
3W,0,0,1,0,0,0,0,0,0,0
4W,1,3,0,1,0,0,0,0,0,0
2W,0,0,0,0,0,0,0,6,51,22
2W,0,0,0,0,0,0,0,0,8,3
2W,0,0,0,0,0,0,0,0,61,39
2W,0,0,0,0,0,0,0,0,1,0
2W,0,0,0,0,0,0,0,0,13,8
3W,0,0,0,0,0,23,11,21,61,22
3W,0,0,2,3,0,0,0,0,0,0
3W,0,0,0,75,118,122,79,75,74,53
4W,0,0,0,1,0,0,0,0,0,0
3W,0,15,72,505,287,51,111,2,5,0
3W,0,0,0,0,0,0,0,0,0,8
4W,1,8,2,0,0,0,0,0,0,0
3W,0,0,25,5,0,0,0,0,0,0
3W,0,10,93,182,190,83,96,86,87,30
3W,0,0,5,0,0,0,0,0,0,0
3W,0,0,0,78,267,119,221,399,778,395
3W,0,0,0,153,276,191,418,379,725,685
4W,0,1,1,0,0,0,0,0,0,0
4W,1,0,0,0,0,0,0,0,0,0
3W,0,0,131,153,251,110,203,564,1077,777
3W,0,0,0,0,0,14,24,41,61,29
4W,0,0,0,0,0,0,0,1,0,0
3W,0,0,1,0,0,0,0,0,0,0
3W,0,0,0,12,8,0,0,0,0,0
3W,0,5,195,214,99,41,31,14,0,0
3W,0,0,29,331,308,185,373,344,590,76
3W,0,0,1,64,393,825,1276,2782,3958,1925
4W,0,0,0,0,0,0,1,3,0,0
3W,0,0,0,0,0,0,0,0,0,1
3W,0,0,5,21,2,7,35,61,86,126
3W,0,0,0,0,0,0,0,0,6,2
3W,0,0,0,0,0,0,0,0,294,828
3W,0,0,1,0,0,0,0,0,0,0
4W,0,1,0,0,0,0,0,0,0,0
3W,0,0,2,16,1,4,4,1,0,1
3W,0,0,0,5,0,0,0,0,0,0
3W,0,0,0,7,0,0,0,2,0,0
2W,0,0,0,24,2291,3052,15930,51808,104735,58547
3W,0,0,0,2,0,0,0,0,0,0
2W,0,0,0,0,0,2,17,3,1,0
3W,0,0,4,9,5,0,0,0,0,0
3W,0,397,1023,660,492,176,132,456,760,408
3W,35,1299,190,31,2,12,0,0,0,0
3W,1,99,219,492,510,438,893,2864,5502,3938
4W,0,0,14,11,0,0,0,2,5,0
3W,0,0,0,0,0,0,0,0,127,308
2W,0,0,0,0,0,0,0,0,105,22
3W,0,1,85,336,139,204,431,943,2335,1593
4W,0,0,1,0,0,0,43,115,143,100
3W,0,0,0,1,0,0,0,0,0,0
3W,0,0,0,0,0,0,0,21,578,524
3W,0,0,0,206,329,124,326,485,103,2
3W,0,0,49,216,571,328,139,64,11,1
3W,0,0,0,54,717,517,957,1480,2632,1951
4W,0,0,0,0,1,0,0,0,0,0
3W,0,1,17,4,1,3,13,40,10,0
2W,0,0,8,37,1,0,0,0,0,0
3W,0,0,71,191,342,366,470,760,784,429
4W,0,0,0,0,0,1,0,0,0,0
3W,0,0,0,0,6,0,0,0,0,0
2W,0,0,0,0,0,2,0,132,112,25
3W,0,0,0,0,0,0,0,0,28,663
3W,0,2,31,6,0,0,0,0,0,0
3W,0,2,53,132,145,92,39,288,1363,515
3W,0,0,1,0,0,0,0,0,0,0
3W,0,0,0,0,0,3,7,3,40,25
2W,0,0,0,0,0,0,0,0,4,3
2W,161,78,43,7,7,1243,4633,25318,71940,73698
3W,37,58,86,113,21,19,0,0,4574,16461
4W,0,0,0,0,0,0,0,0,0,1
3W,0,0,71,20,0,0,0,0,0,0
3W,0,0,83,283,211,70,42,195,947,575
3W,0,0,0,0,0,0,1,0,0,0
3W,0,0,21,87,94,31,86,64,105,99
4W,0,0,0,0,1,0,0,0,0,0
3W,0,0,0,0,0,0,0,0,7,21
4W,1,0,0,0,0,0,0,0,0,0
3W,0,0,0,0,0,0,13,105,146,112
3W,0,2,155,295,315,178,237,333,274,159
3W,0,0,0,0,1,0,0,0,0,0
3W,669,1321,30,1,0,0,0,0,0,0
2W,0,0,0,0,0,0,0,516,4139,1836
3W,0,0,0,0,0,0,0,0,271,1481
3W,0,0,0,1,0,0,0,0,0,0
2W,0,0,0,0,0,567,4758,13130,3005,402
3W,0,0,13,160,122,77,91,254,382,137
2W,0,1,0,0,0,0,0,0,0,0
3W,0,57,1501,2044,2312,2155,5022,6447,7902,3545
3W,1,147,271,11,8,50,179,141,33,0
3W,0,0,2,0,0,15,21,12,12,10
2W,0,0,0,0,0,0,0,1983,11454,10711
3W,0,0,0,0,0,0,6,7,106,81
3W,0,0,0,0,0,0,0,0,2,0
3W,0,0,1,0,2,122,456,1591,2682,1398
3W,0,0,0,0,0,23,456,1028,1814,1377
3W,0,0,30,426,565,460,227,307,673,1040
4W,0,0,0,0,0,0,0,0,0,1
3W,0,0,18,24,10,4,4,52,72,24
4W,2,8,1,4,0,0,0,0,0,0
2W,0,0,0,0,0,0,8,45,65,4
4W,1,0,0,5,0,0,0,163,1309,591
2W,0,0,0,0,0,0,0,484,207,326
2W,0,0,0,0,0,0,0,4514,3565,1598
3W,0,43,608,713,708,413,1708,3702,3695,1853
3W,0,0,0,0,0,9,4,7,31,1
2W,1,0,0,0,0,0,0,0,0,0
3W,0,0,0,0,0,0,0,0,0,41
3W,0,0,21,3,0,0,0,0,0,0
4W,0,0,0,0,0,0,0,0,0,2
4W,0,0,0,0,0,0,2,453,2012,1401
3W,0,0,0,10,16,17,21,34,50,16
3W,0,24,321,44,4,0,0,0,0,0
4W,0,0,1,0,0,0,0,0,0,0
3W,0,9,62,0,0,0,0,0,0,0
3W,0,0,0,0,0,0,0,0,0,30
4W,0,0,0,0,0,0,0,0,0,1
3W,0,0,0,0,0,0,0,0,3,22
3W,0,0,0,17,123,99,26,7,109,357
3W,0,1,1,0,0,0,0,0,0,0
3W,0,0,5,0,0,0,0,0,0,0
3W,0,311,536,928,687,263,213,394,874,394
3W,0,0,0,0,0,6,9,11,0,93
3W,0,2,2,0,0,0,0,0,0,0
3W,0,492,1744,3005,4215,2741,6672,13091,14877,6654
4W,0,0,0,0,0,0,2,0,0,0
3W,0,0,0,0,0,0,0,0,0,37
2W,0,0,0,0,0,0,133,426,501,106
3W,0,3,8,0,0,0,0,0,0,0
3W,0,0,0,0,84,56,22,6,6,0
3W,0,0,1,0,0,0,0,0,0,0
4W,0,0,1,1,0,0,0,0,0,0
3W,0,0,0,17,121,86,118,406,571,380
3W,0,46,160,195,80,48,62,223,290,190
2W,0,0,0,0,0,0,0,0,4851,4
3W,0,6,0,0,0,0,0,0,0,0
2W,0,0,0,0,0,0,0,0,135,154
2W,0,0,0,0,0,0,0,0,0,10
3W,0,0,0,19,4,0,0,0,0,0
2W,0,0,0,0,0,0,0,0,0,1
2W,0,3,0,0,0,0,0,0,0,0
3W,0,0,0,0,24,26,28,36,28,8
3W,0,0,132,395,429,292,586,827,930,301
3W,0,0,0,1,0,0,0,0,0,0
3W,0,0,0,0,0,0,0,0,0,1
3W,4,157,158,37,11,5,0,0,0,0
4W,0,0,0,1,0,0,0,0,0,0
4W,0,1,1,0,0,0,0,0,0,0
3W,0,0,57,1,1,11,92,571,2749,425
4W,0,0,0,0,0,0,0,2,0,0
3W,0,0,60,7,21,0,0,0,0,0
3W,0,0,0,0,2,14,7,24,96,37
3W,0,0,0,0,11,29,31,46,32,2
3W,0,0,3,0,0,0,0,0,0,0
3W,0,0,0,0,0,0,0,0,0,5
3W,0,0,2,0,0,0,0,0,0,0
4W,0,0,0,0,0,2,0,0,0,0
3W,0,1,1,0,0,0,0,0,0,0
3W,0,0,0,0,0,30,1125,3225,5925,2871
3W,0,0,0,1,0,0,0,0,0,0
2W,0,0,0,0,0,0,0,102,283,72
3W,0,1,3,0,0,0,0,0,0,0
3W,0,0,0,75,149,40,55,83,122,73
3W,0,0,567,854,1031,387,285,243,311,120
3W,0,136,274,397,222,62,8,13,2,0
3W,0,0,0,0,119,114,345,720,1563,1048
3W,0,0,4,46,12,3,3,4,12,14
3W,0,0,0,0,1,0,0,0,0,0
3W,0,0,1,0,0,0,0,0,0,0
3W,0,0,12,330,896,1100,755,1334,2466,1246
3W,0,0,0,192,106,5,0,0,8,21
3W,0,0,0,0,0,16,30,1,0,0
3W,0,0,0,0,0,0,0,0,0,287
3W,1,7,3,0,0,0,0,0,0,0
3W,0,0,0,4,0,0,0,0,12,83
3W,0,0,0,0,0,0,0,0,29,26
3W,0,0,0,0,163,140,141,104,34,14
4W,1,0,0,0,0,0,0,0,0,0
3W,0,0,0,0,0,0,0,0,0,81
3W,0,0,0,10,2,0,26,303,604,234
4W,0,0,0,1,0,0,0,0,0,0
3W,0,0,0,0,0,0,0,0,0,1
3W,0,1,0,0,0,1,0,0,0,0
2W,0,0,0,0,0,0,0,2,0,0
3W,16,1573,2205,3404,3954,2541,5361,13987,25071,11832
4W,0,2,1,7,2,0,1,2,5,0
3W,0,14,129,18,10,3,2,0,0,0
3W,0,3,50,213,96,27,33,142,145,43
3W,0,0,0,0,45,3,0,0,0,0
3W,0,0,3,126,355,169,416,744,1026,403
MMV,1,0,0,0,0,0,0,0,0,0
3W,0,0,0,10,6,1,2,0,0,0
2W,0,0,0,0,0,0,0,0,11,1
3W,0,0,0,0,0,0,0,0,0,23
3W,0,0,5,22,72,132,17,14,26,1
2W,1,2,0,0,0,0,0,0,0,0
3W,0,0,0,0,0,0,0,0,3,27
3W,0,0,0,1,0,0,0,0,0,0
3W,0,0,4,1,0,0,0,0,0,0
3W,0,0,0,55,271,259,428,610,934,444
3W,0,0,0,0,11,9,0,0,0,0
3W,0,0,0,1,7,17,0,0,0,0
2W,0,0,0,0,0,0,0,0,2,0
3W,0,0,0,142,48,2,11,11,0,1
3W,0,27,777,473,1150,243,121,421,751,495
3W,1,4,130,2,0,1,0,0,0,0
2W,0,0,0,0,0,0,0,0,5,0
3W,0,0,0,0,0,0,448,1381,1296,479
3W,0,0,0,0,0,1,0,0,0,0
2W,0,0,0,0,0,0,0,0,0,1
3W,0,0,0,0,3,23,74,129,240,86
3W,0,0,0,0,0,0,0,1,17,16
3W,0,0,0,0,0,0,19,47,74,55
2W,0,0,0,0,0,20,280,728,595,127
3W,0,0,0,115,58,14,154,453,1245,816
2W,0,0,0,0,0,0,0,0,0,44
3W,0,0,18,61,147,53,9,29,1,165
3W,0,0,0,0,7,8,8,4,7,0
3W,0,0,0,0,2,0,0,0,0,0
3W,0,1,4,0,0,0,0,0,0,0
3W,0,0,0,0,16,29,36,49,89,20
3W,0,0,0,11,13,5,14,20,1,0
3W,0,0,0,0,0,0,0,82,526,170
3W,0,0,0,0,0,0,0,12,125,202
3W,0,0,1,0,0,0,0,0,0,0
4W,0,3,0,0,0,0,0,0,0,0
2W,0,0,0,0,1,0,0,0,0,0
4W,4,2,4,0,0,0,0,0,0,0
2W,10,0,8,0,0,0,0,0,0,0
3W,0,1,0,0,0,0,0,0,0,0
3W,0,0,39,58,23,19,0,0,7,8
2W,0,0,0,0,2,9,40,93,72,40
3W,0,0,0,4,181,29,9,0,0,0
2W,0,0,0,0,0,0,0,0,43,2
3W,0,0,0,0,0,0,0,0,1,0
2W,178,136,26,4,0,0,0,0,0,0
3W,44,763,919,147,10,0,0,0,0,0
4W,0,1,11,1,0,0,0,0,0,0
2W,0,0,15,48,2,0,0,0,0,0
3W,1,282,627,1184,270,60,35,5,4,0
4W,0,0,0,1,0,0,0,0,0,0
3W,0,0,0,0,53,33,18,49,11,8
3W,0,0,2,0,0,0,0,0,0,0
3W,0,55,50,85,16,75,229,509,1200,934
2W,0,0,0,0,0,0,402,735,230,82
2W,0,0,0,0,0,0,3,0,0,0
3W,0,0,6,61,11,10,108,367,470,259
3W,0,361,1928,2606,2407,1324,3070,6263,11080,6782
3W,0,0,0,0,0,4,1,0,188,184
2W,0,0,0,0,0,0,0,141,472,237
2W,0,0,0,0,0,0,0,0,2,13
3W,0,177,200,128,101,131,148,188,587,599
3W,0,4,185,181,160,55,62,43,31,6
3W,0,0,0,0,0,0,0,0,55,48
4W,0,0,0,0,0,0,0,0,1,1
3W,0,1,0,0,0,0,0,0,0,0
4W,0,4,0,2,0,0,0,0,0,0
3W,0,1,0,0,0,0,0,0,0,0
4W,0,1,0,0,0,0,1,1,5,0
2W,0,0,0,0,0,0,0,0,116,331
2W,0,0,0,0,0,0,0,0,0,1
3W,0,0,0,1,0,0,0,0,0,0
3W,0,0,0,0,0,0,75,179,80,6
4W,0,0,0,0,0,0,0,1,4,0
3W,0,0,0,49,143,63,119,647,2595,2104
4W,0,0,0,0,0,0,0,7,3,2
4W,0,0,0,0,0,0,0,3,44,60
3W,0,0,0,0,0,0,0,15,31,18
3W,0,0,0,0,0,0,0,57,14,327
3W,0,0,0,0,0,0,0,0,1,0
3W,0,0,0,1,67,66,134,298,166,36
3W,0,0,0,10,3,1,5,2,0,2
2W,0,0,0,0,0,0,0,162,540,123
2W,0,0,0,0,0,0,0,127,83,13
3W,0,0,0,0,1,274,519,1056,2379,1318
3W,0,1,0,1,0,0,0,0,0,0
3W,0,0,0,0,0,56,214,401,614,470
3W,0,0,0,3,4,6,0,0,0,0
3W,0,0,49,200,111,12,15,177,218,90
3W,0,0,0,0,0,0,0,0,0,10
3W,0,0,0,0,0,0,0,395,900,496
2W,0,0,0,0,0,0,0,5,106,58
3W,0,0,0,0,0,0,0,268,546,281
3W,0,0,0,0,0,0,1,31,17,2
3W,0,6,48,30,15,6,1,23,119,83
4W,0,1,0,0,0,0,0,0,0,0
3W,0,0,0,1,0,0,0,0,0,0
4W,1,0,0,1,0,0,0,0,0,0
3W,0,0,0,0,0,0,0,0,0,6
2W,0,0,0,0,0,0,0,0,57,21
2W,0,0,0,0,0,0,0,0,0,2
2W,0,0,0,0,0,0,0,0,16,4
3W,0,0,47,457,688,318,447,699,1430,648
4W,0,0,0,1,0,0,0,0,0,0
3W,0,0,0,44,68,5,1,2,0,0
3W,0,0,0,0,0,0,0,9,3,22
3W,0,0,0,0,0,0,0,0,74,479
3W,0,0,816,1626,2257,2405,2491,4151,5514,2850
4W,0,0,1,0,0,0,0,0,0,0
3W,0,0,0,0,0,0,0,0,383,508
4W,0,0,0,0,0,0,0,0,1,0
3W,0,0,0,0,0,0,0,0,188,19
4W,1,0,0,0,0,0,0,0,0,0
3W,0,0,8,0,0,0,0,0,0,0
2W,0,0,0,0,0,0,0,0,0,163
3W,0,0,0,0,15,7,6,10,1,0
3W,0,0,0,0,10,28,63,0,0,0
3W,0,0,6,117,195,81,428,2048,2950,1053
3W,1,1,3,0,0,0,0,0,0,0
3W,0,0,0,0,9,1,0,0,0,0
2W,3,1,0,0,0,0,0,0,0,0
3W,0,0,1,0,0,0,0,0,0,0
4W,1,0,0,0,0,0,0,0,0,0
3W,0,0,0,0,1,6,4,0,0,0
3W,0,0,0,4,0,0,0,0,0,0
3W,0,0,0,0,0,0,0,0,1,0
3W,0,1,0,0,0,0,0,0,0,0
3W,0,0,207,565,472,238,392,864,711,277
4W,0,0,0,0,1,0,0,0,0,0
2W,0,0,0,0,0,0,9,7,11,0
3W,0,0,0,0,7,0,0,12,5,10
2W,0,0,0,0,0,0,0,0,128,184
3W,0,0,0,0,0,0,0,0,145,155
3W,0,0,0,1,93,48,55,86,74,32
4W,15,6,15,1,0,0,1,0,2,0
3W,35,195,55,9,0,0,0,0,0,0
4W,0,1,2,15,0,0,0,0,0,0
3W,0,73,348,506,693,787,743,644,462,36
4W,0,0,0,1,0,0,0,0,0,0
2W,0,0,0,0,0,0,0,0,71,0
2W,0,0,0,0,0,0,0,0,18,115
3W,0,0,0,0,0,0,0,0,1,0
2W,0,0,0,0,0,0,0,0,1,1
3W,1,19,36,2,3,0,0,0,0,0
3W,0,15,21,3,0,1,0,0,0,0
3W,0,97,86,5,0,0,0,0,0,0
3W,0,0,3,59,53,19,10,25,0,0
3W,0,0,1,0,0,0,0,0,0,0
3W,0,0,0,277,262,292,518,1054,1494,939
2W,0,0,0,0,1,94,1409,5343,3040,952
3W,0,0,0,0,51,0,21,65,136,11
3W,0,0,0,241,1628,1476,1546,2154,3411,2043
4W,0,2,0,0,0,0,0,0,0,0
3W,0,0,1,0,0,0,0,0,0,0
2W,0,0,0,0,0,0,0,410,24045,18424
3W,0,0,9,0,0,0,0,0,0,0
3W,0,0,0,0,0,0,0,69,42,172
3W,1,627,650,246,182,25,3,175,442,169
3W,0,78,175,10,4,6,3,1,0,0
3W,0,37,146,140,146,27,14,5,0,0
3W,0,0,0,0,18,14,39,36,28,27
3W,0,0,0,8,0,0,24,15,345,176
4W,0,0,0,1,0,0,0,0,0,0
3W,0,0,0,0,0,0,0,0,46,22
3W,0,0,178,570,543,100,129,43,221,198
3W,0,0,47,220,89,38,13,14,11,4
4W,0,0,0,1,0,0,0,0,0,0
3W,0,0,1,0,0,1,1,0,3,1
3W,0,0,31,131,15,3,0,0,0,0
3W,0,0,0,10,2,0,0,0,0,0
3W,0,0,1,0,0,0,0,0,116,0
3W,0,0,0,0,0,0,0,0,4,168
3W,0,0,0,8,19,36,6,6,1,7
3W,0,61,170,98,201,129,505,905,872,424
3W,0,0,0,0,4,29,4,0,0,0
3W,0,0,0,0,0,0,0,0,3,2
2W,0,0,0,0,0,0,0,0,0,4
3W,0,1,0,0,0,0,0,0,0,0
3W,0,1,8,1,0,0,0,0,0,0
3W,0,1,8,2,0,0,0,0,0,0
3W,0,0,0,0,0,21,118,117,64,0
3W,0,0,127,251,383,79,53,57,37,1
3W,0,0,16,0,0,0,0,0,0,0
3W,0,0,1,0,0,0,0,0,0,0
3W,0,0,0,1,9,0,0,0,0,0
2W,0,3,2,0,0,0,0,0,0,0
3W,0,0,0,77,105,3,2,12,11,0
3W,0,0,0,0,0,0,0,0,0,60
2W,0,1,0,0,0,0,0,0,0,0
3W,0,0,0,0,0,0,0,0,8,68
3W,0,0,1,0,0,0,0,0,0,0
3W,0,0,67,297,231,73,75,45,34,36
3W,0,0,0,0,0,0,0,0,2,4
2W,0,0,0,0,0,0,0,0,4,0
3W,0,0,0,0,0,0,0,0,8,16
3W,0,0,4,0,0,0,0,0,0,0
3W,0,0,145,16,0,0,0,0,0,0
2W,33,22,17,17,8,0,0,0,0,0
3W,0,10,1,0,0,0,0,0,0,0
2W,254,246,164,616,664,593,3058,2538,0,0
3W,63,94,42,5,0,0,0,0,0,0
4W,0,0,1,0,0,0,0,0,0,0
2W,1,34,162,5785,11155,8247,46260,97828,29964,2211
3W,0,0,72,47,15,0,3,1,0,0
2W,19,54,4,1,1,0,0,0,0,0
2W,92,157,74,39,33,0,0,182,11142,19479
3W,0,0,229,62,0,0,0,0,0,0
4W,0,1,0,0,0,0,0,0,0,0
3W,0,0,19,46,85,50,151,449,624,321
3W,0,0,0,1,0,0,0,0,0,0
3W,0,0,0,48,192,177,528,1162,1367,580
4W,0,0,0,0,1,0,0,0,0,0
2W,0,1,0,0,0,0,0,0,0,0
4W,0,0,0,1,0,0,0,0,0,0
3W,0,0,0,6,1,20,28,2,12,4
3W,0,27,14,0,0,0,0,2,0,0
3W,0,37,62,3,0,0,0,0,0,0
3W,0,0,253,257,131,37,441,297,122,21
3W,0,0,87,155,108,7,2,5,0,0
3W,0,0,2,0,0,0,0,0,0,0
3W,0,0,1,0,0,0,0,0,0,0
2W,0,0,0,0,0,0,0,0,6,4
2W,134,81,120,4,0,0,0,0,0,0
4W,2,1,0,1,0,0,0,0,0,0
2W,119,195,36,19,4,0,0,30,0,0
4W,0,2,0,0,0,0,0,0,0,0
2W,0,0,0,0,0,0,0,14,84,163
2W,0,0,0,0,0,0,0,0,18,3
2W,0,0,1,0,0,0,0,0,0,0
3W,0,0,918,1216,1855,689,1091,2599,3741,2783
2W,0,0,0,0,0,0,0,2,209,163
3W,0,0,0,0,20,15,69,217,785,340
3W,0,5,688,1168,856,470,1046,4397,12840,7423
2W,0,0,0,0,0,0,0,33,32,5
4W,0,0,0,0,0,0,0,2,0,0
3W,0,152,456,676,238,30,13,21,62,48
2W,0,0,0,0,0,0,0,0,2,1
3W,0,0,0,0,0,0,0,0,125,255
3W,0,0,0,256,616,292,399,848,1011,562
3W,0,0,0,0,0,0,159,306,91,17
3W,0,1,0,0,0,0,0,0,0,0
4W,0,5,2,1,233,206,165,619,1606,757
4W,0,0,0,0,0,0,0,5,0,1
3W,0,0,1,0,0,0,0,0,0,0
3W,0,0,0,0,0,0,0,16,276,241
2W,26,31,14,2,0,0,0,0,0,0
3W,0,0,36,7,0,0,0,0,0,0
3W,0,0,0,5,52,106,350,1114,2035,1399
3W,0,0,1,0,0,0,0,0,0,0
2W,13,3,2,0,0,0,0,0,0,0
3W,0,0,0,0,0,0,0,0,0,272
2W,0,0,1,0,0,0,0,0,0,0
3W,0,0,1,0,0,0,0,0,0,0
4W,0,6,6,2,1,0,0,0,0,0
3W,0,0,0,0,0,0,0,9,96,73
2W,0,0,0,0,0,38,78,98,19,6
3W,0,0,0,0,0,0,0,0,65,14
2W,1,0,0,0,0,0,0,0,0,0
2W,0,0,0,0,0,0,0,627,2154,668
2W,0,0,0,0,0,0,0,32,51,13
3W,0,0,0,17,6,8,50,82,80,30
3W,0,0,0,1,1,0,0,0,0,0
3W,0,248,43,0,10,0,0,6,7,0
3W,0,95,2652,2921,2314,1260,3075,6947,11165,6278
3W,0,0,2,3,1,0,0,0,0,0
3W,0,0,0,69,74,53,67,20,113,24
3W,0,0,43,6,0,0,0,0,0,0
4W,0,0,0,0,0,0,27,40,9,4
4W,1,0,0,0,0,0,0,0,0,0
4W,0,0,0,0,0,0,0,1,0,0
3W,0,0,0,0,0,0,0,0,165,108
3W,0,0,0,157,414,249,180,636,163,61
4W,0,0,0,0,0,0,0,1,0,0
3W,0,0,0,39,80,28,33,64,143,58
4W,0,0,0,0,0,0,0,0,0,1
3W,0,0,0,0,0,0,176,224,600,287
3W,0,0,8,0,0,0,0,0,0,0
3W,0,0,131,779,633,660,224,396,950,770
3W,0,0,0,0,0,0,0,0,38,2
4W,1,0,0,0,0,0,0,0,0,0
3W,0,36,88,26,2,1,0,0,0,0
4W,0,1,0,0,0,0,0,0,0,0
3W,0,3,23,0,0,0,0,0,0,0
4W,1,0,0,0,0,0,0,0,0,0
3W,0,0,0,0,0,0,0,0,0,5
3W,0,0,0,55,248,95,42,23,6,0
4W,0,0,0,0,19,42,49,0,0,0
3W,0,0,0,0,0,0,0,0,0,5
3W,0,0,37,9,0,0,0,0,0,0
4W,0,0,1,0,0,0,0,0,0,0
2W,0,0,0,0,0,0,0,0,0,1
3W,0,0,0,3,0,0,0,0,0,0
3W,0,0,0,174,362,43,84,155,208,101
2W,0,0,0,0,0,0,0,0,8,40
2W,0,0,0,0,0,0,0,31,454,13
2W,0,0,0,0,0,0,0,0,11,4
2W,0,0,0,0,0,0,0,0,20,7
2W,0,0,0,0,0,0,0,0,2,0
2W,0,0,0,0,0,0,0,0,22,24
2W,0,0,0,0,0,0,0,0,50,10
2W,0,0,0,0,0,0,0,0,1,0
2W,0,0,0,0,0,0,0,0,31,10
2W,0,0,0,0,0,0,0,0,0,7
3W,0,0,0,0,0,0,0,0,10,16
2W,0,0,0,0,0,0,0,1,10,2
2W,0,0,0,0,0,0,0,12,3,2
2W,0,0,0,0,0,0,2,41,85,11
2W,0,0,0,0,0,0,0,496,799,121
3W,0,137,442,471,184,6,0,0,0,0
3W,0,0,0,3,37,3,0,0,0,0
2W,0,0,0,0,46,454,1967,9553,2617,687
3W,0,0,0,1,2,32,75,66,34,5
4W,0,0,0,3,1,0,0,0,0,0
3W,0,0,0,0,34,89,601,680,740,348
3W,0,0,0,0,0,0,0,0,1077,1383
4W,0,1,3,2,0,0,0,0,0,0
3W,0,0,0,0,0,1,5,3,14,3
3W,0,0,146,283,208,43,115,306,950,678
3W,0,0,0,0,5,0,0,0,0,0
2W,0,0,0,0,0,0,0,9,52,37
2W,0,0,0,0,0,0,0,37,212,102
2W,0,0,0,0,0,0,0,0,0,52
2W,0,0,0,0,0,0,0,0,22,23
4W,0,0,2,0,0,0,0,0,0,0
3W,0,9,79,238,79,6,0,0,0,0
4W,0,0,0,1,0,0,0,0,0,0
2W,0,0,0,0,1,0,0,0,0,0
3W,0,0,0,52,143,57,129,292,156,93
3W,0,0,0,0,0,0,0,0,0,8
3W,0,0,0,0,26,19,10,12,38,19
2W,0,0,0,0,0,0,5,107,165,27
3W,0,0,6,62,40,66,78,263,479,189
3W,0,0,0,0,0,0,0,0,8,4
2W,0,0,0,0,0,0,0,0,7,10
2W,0,0,0,0,0,0,0,0,51,12
2W,0,0,0,0,0,0,0,0,5,2
2W,0,0,0,0,0,0,0,0,0,3
2W,0,0,0,0,0,0,0,0,11,17
3W,0,0,0,0,0,0,0,0,0,93
3W,0,0,0,55,55,39,17,2,2,0
3W,0,0,25,5,5,0,0,0,0,0
3W,0,0,20,96,250,96,31,110,139,9
4W,0,0,1,58,7,0,0,0,0,0
3W,0,0,0,1,74,70,83,136,288,211
3W,0,0,0,6,5,30,9,61,122,42
3W,0,0,0,0,0,0,0,0,0,33
3W,0,0,0,0,2,78,1,0,0,0
3W,0,0,0,205,657,357,888,1433,1846,1242
3W,0,0,19,0,0,0,0,0,0,0
3W,0,0,0,1,0,0,0,0,0,0
3W,0,0,1,0,0,0,0,0,0,0
4W,3,0,0,0,0,0,0,0,0,0
MMV,1,0,0,0,0,0,0,0,0,0
3W,0,0,0,0,0,0,0,0,0,2
3W,0,0,2,0,0,0,0,0,0,0
3W,0,0,0,0,0,0,0,47,197,105
3W,0,0,3,1,0,0,0,0,0,0
3W,0,0,0,0,0,36,73,32,74,87
3W,0,0,0,0,0,0,190,130,224,364
4W,0,0,0,0,0,0,1,0,0,0
3W,0,0,0,0,0,0,0,0,0,1
3W,0,0,0,0,38,72,76,321,339,170
3W,0,0,0,0,16,8,0,47,405,522
4W,0,0,0,1,0,0,0,0,0,0
3W,0,0,429,11,0,21,7,31,3,0
3W,0,0,129,1299,1233,607,1214,3712,8478,5591
3W,0,0,1,0,0,0,0,0,0,0
3W,0,48,352,177,46,13,7,2,0,0
4W,0,0,0,0,0,0,0,215,438,172
2W,0,0,0,0,0,0,0,2085,7779,7515
3W,0,12,383,1374,1463,669,835,2704,4648,1756
4W,0,0,0,3,1,0,840,8,1,30
3W,29,2005,880,68,43,38,136,316,58,0
3W,3,250,678,13,0,0,0,0,0,0
4W,2,3,4,0,0,0,0,4,0,0
MMV,0,2,0,0,0,0,0,0,0,0
3W,0,0,0,0,0,0,0,10,81,77
3W,0,8,44,287,266,304,391,101,19,7
4W,2,1,0,0,0,0,0,0,0,0
2W,0,0,0,0,0,0,1175,3487,4173,1889
3W,0,0,0,77,80,47,34,9,4,192
4W,0,0,0,0,0,0,0,0,0,1
3W,8,15,1,0,0,0,0,0,0,0
3W,0,3,10,4,0,0,0,0,0,0
3W,0,0,0,14,3,3,4,9,11,3
3W,0,0,0,0,0,0,0,15,81,26
3W,0,0,9,0,0,0,0,0,0,0
3W,0,0,0,1,21,27,5,3,0,0
3W,0,0,0,10,6,0,0,0,0,0
3W,0,0,0,1,0,0,0,0,0,0
3W,0,5,6,0,0,0,0,0,0,0
3W,0,8,168,394,419,220,530,684,904,748
4W,0,0,0,2,0,0,0,0,0,0
3W,0,0,1,0,28,39,37,41,5,0
3W,0,0,0,125,127,40,25,162,335,91
2W,1,0,0,0,0,0,0,0,0,0
4W,1,0,0,0,0,0,0,0,0,0
3W,39,190,421,348,307,207,203,338,569,189
4W,0,0,0,0,0,0,0,0,1,0
3W,0,0,0,0,0,0,314,1317,2469,1100
3W,0,1,3,0,0,0,0,0,0,0
3W,0,0,0,0,0,0,0,0,244,15
2W,0,0,0,0,0,0,0,18,540,218
3W,0,0,1,0,0,0,0,0,0,0
4W,6,1,1,0,0,0,0,0,0,0
3W,0,0,0,0,0,0,0,0,15,0
3W,0,0,0,0,24,14,33,85,240,168
3W,0,0,0,0,13,0,3,9,0,10
3W,0,0,0,0,0,0,0,0,0,45
3W,0,0,0,2,2,0,0,0,0,0
3W,0,0,60,0,1,1,0,0,1,0
3W,0,0,0,144,302,153,301,396,358,264
4W,0,0,0,0,1,0,0,0,0,0
3W,0,0,0,16,35,11,18,7,0,0
2W,0,0,0,0,0,0,0,2350,6203,2661
3W,0,0,0,0,0,7,876,4646,7288,3785
4W,0,0,0,0,0,0,0,0,4,1
3W,0,0,0,0,0,0,0,0,13,4
2W,0,0,0,0,0,40,5,0,5,0
2W,0,0,0,0,0,0,0,0,0,2
3W,0,0,0,0,0,0,0,0,0,194
4W,0,0,0,0,1,0,0,9,0,0
MMV,0,0,0,1,0,0,0,0,0,0
2W,0,0,10,0,0,0,0,0,0,0
3W,0,22,38,3,0,0,0,0,0,0
4W,2,0,1,0,0,0,0,0,0,0
3W,0,0,0,0,0,0,0,0,11,0
4W,0,0,0,0,0,0,1,0,0,0
2W,0,0,0,0,0,0,21,0,0,0
2W,0,0,1,0,0,0,0,0,0,0
3W,5,133,184,666,714,377,511,1523,1644,770
4W,0,0,0,5,0,0,0,0,0,0
3W,0,400,420,165,94,54,30,185,20,0
3W,0,0,0,0,0,3,65,114,186,50
3W,0,441,4,3,0,0,0,0,0,0
3W,0,0,8,1,0,0,0,0,0,0
3W,0,0,0,0,0,0,0,0,38,88
3W,0,0,0,11,65,41,5,64,145,53
4W,0,0,0,0,1,0,0,0,0,0
3W,0,0,0,0,1,2,0,0,2,12
3W,0,210,169,16,1,0,0,0,0,0
4W,0,2,0,0,0,0,0,0,0,0
3W,0,131,408,487,210,194,305,477,1097,657
4W,0,0,0,0,0,0,1,0,0,0
3W,877,3089,386,66,0,2,0,0,0,0
4W,0,2,2,11,0,0,0,0,0,0
3W,0,84,420,45,0,0,0,0,0,0
4W,0,0,11,1,0,0,0,0,0,0
3W,0,0,0,0,0,0,0,17,0,0
4W,0,0,0,0,0,0,0,0,0,1
3W,0,626,2227,2250,1614,692,787,2205,3637,1852
4W,0,0,1,18,1,0,0,0,0,0
3W,0,0,3,0,0,0,0,2,0,0
3W,0,0,1,0,0,0,0,0,0,0
3W,0,0,0,0,0,0,3,0,0,0
2W,0,0,0,0,0,1,0,0,0,0
2W,0,0,0,0,0,0,0,3,0,0
3W,0,0,0,0,0,0,0,8,7,35
4W,0,0,0,0,0,0,0,0,0,3
3W,0,0,28,0,1,0,0,0,0,0
2W,0,0,0,0,0,19,38,4,2,0
3W,0,0,0,0,17,54,105,50,0,8
3W,0,0,0,0,0,0,0,0,0,11
3W,0,0,0,0,0,0,11,17,153,230
2W,0,0,0,0,0,0,0,18,4,0
3W,23,982,1196,2033,1988,881,1804,2865,2571,1373
4W,0,0,0,1,0,0,0,0,0,0
3W,0,0,147,431,537,248,289,469,564,401
4W,0,0,0,1,0,0,0,0,0,0
2W,0,0,0,0,0,0,0,0,1,27
2W,0,0,0,0,0,0,0,0,1,1
3W,0,0,2,0,0,0,0,0,0,0
4W,2,2,0,0,0,0,6,0,0,0
4W,0,0,0,0,0,0,0,1,2,0
4W,3,0,0,0,0,0,0,0,0,0
2W,1,0,0,0,0,0,0,0,0,0
3W,0,0,0,22,32,8,13,80,60,1
4W,0,0,0,1,0,0,0,0,0,0
2W,4,1,0,1,0,0,0,0,0,0
3W,2,35,242,4150,6725,4564,3860,13558,37942,1331
4W,254,344,443,974,687,419,115,333,4505,4305
4W,0,1,0,1,0,0,0,0,0,0
3W,0,0,33,3,0,0,0,0,0,0
2W,0,0,0,1,0,0,0,0,0,0
3W,0,0,51,35,1786,3219,6711,15931,4949,57
4W,462,306,499,461,99,35,82,66,56,1
3W,0,1,0,0,0,0,0,0,0,0
3W,0,0,0,0,0,0,0,0,11733,34331
4W,0,0,0,0,0,0,0,0,40,430
3W,0,0,19,6,0,0,0,0,0,0
3W,0,3,0,0,0,0,0,0,0,0
4W,2,0,0,1,0,0,0,0,0,0
2W,5,14,0,0,0,0,0,0,0,0
4W,0,0,2,0,0,0,0,0,0,0
4W,1,0,0,0,0,0,0,0,0,0
3W,0,0,0,0,0,0,7,186,778,590
3W,0,0,0,0,0,0,0,0,52,50
3W,0,0,35,47,6,0,0,0,0,0
3W,0,0,0,107,499,103,84,133,10,2
3W,0,0,14,0,0,0,0,0,0,0
3W,0,0,0,16,52,19,0,0,299,766
3W,0,0,0,0,0,0,28,173,433,195
3W,0,0,0,8,167,162,396,854,1810,1280
4W,0,0,0,0,0,1,0,0,0,0
3W,0,0,0,0,54,25,6,39,64,65
3W,0,0,0,0,0,4,2,14,4,0
3W,0,0,0,0,0,0,0,2,27,35
2W,0,0,0,0,0,0,0,84,147,90
4W,8,11,8,2,1,0,0,0,0,0
2W,0,0,0,0,0,0,0,0,1,1
3W,1,0,0,0,0,0,0,0,0,0
3W,0,0,3,0,15,1,0,0,0,0
2W,0,0,0,0,0,0,0,0,128,154
4W,1,0,0,0,0,0,0,0,0,0
4W,0,0,0,0,0,10,26,60,322,316
4W,0,0,0,0,0,0,0,94,193,112
2W,0,0,0,0,0,57,1842,3215,195,6
3W,0,0,1,0,0,0,0,0,0,0
4W,0,0,0,0,7,772,2384,3430,9520,7229
2W,0,0,0,0,0,0,0,0,2,2
2W,0,0,0,0,0,0,94,0,0,0
3W,0,0,0,0,0,0,0,0,7,10
3W,6,681,1695,148,87,94,221,362,97,0
2W,0,0,0,0,0,0,0,1,0,0
3W,0,125,599,2513,2265,1754,3447,10487,15962,7092
4W,0,0,0,1,0,2,0,1,1,0
2W,0,0,0,0,0,0,0,18,102,12
3W,0,0,1,0,0,0,0,0,0,0
3W,0,0,0,0,0,5,35,23,70,143
4W,0,0,0,0,0,0,0,0,0,13
2W,0,0,0,0,0,0,0,0,19,30
3W,0,0,0,17,56,77,39,26,43,31
3W,0,0,0,0,0,0,0,0,0,210
3W,0,0,0,0,0,61,68,2,77,38
3W,0,0,3,0,0,0,0,0,0,0
3W,0,0,0,102,33,1,0,0,0,0
4W,0,0,0,0,1,0,0,0,0,0
4W,0,0,0,0,0,0,0,8,0,0
2W,0,0,0,0,0,0,0,0,0,14
3W,0,0,0,128,132,100,111,23,0,0
3W,0,0,0,0,0,0,0,825,2965,2297
4W,2,0,0,0,0,0,0,0,0,0
3W,0,0,0,5,18,7,10,10,0,0
3W,0,0,17,0,0,0,0,0,0,0
4W,1,0,0,0,0,0,0,0,0,0
3W,0,0,0,0,0,0,0,1,0,5
3W,0,0,0,291,232,100,288,1723,4925,2796
3W,0,29,79,86,48,6,5,12,0,0
3W,0,0,0,6,91,38,9,4,5,153
3W,0,0,6,13,30,0,0,0,3,0
3W,0,0,31,6,0,0,0,0,0,0
3W,0,0,14,7,1,0,0,0,0,0
3W,0,0,0,34,12,1,0,0,4,11
3W,0,0,31,29,13,0,2,0,0,0
4W,0,0,0,1,0,0,0,0,0,0
3W,0,0,0,0,0,0,0,4,0,0
2W,0,0,0,48,648,146,96,28,7,2
3W,0,42,516,573,267,148,354,542,667,357
4W,0,10,17,5,0,0,0,0,0,0
3W,0,0,0,1,0,0,0,0,0,0
3W,0,0,0,0,0,0,0,8,42,21
3W,0,0,0,0,0,0,0,0,45,54
3W,9,125,224,361,732,316,602,1331,1253,502
3W,0,0,0,0,0,0,0,0,0,67
3W,0,0,8,3,0,0,0,0,0,0
4W,0,0,0,1,0,0,0,0,0,0
3W,0,0,0,0,0,0,12,9,5,0
2W,0,0,0,0,370,96,16,0,0,0
3W,0,0,0,1,0,0,0,0,0,0
3W,0,0,0,0,0,0,1,0,0,0
3W,0,0,0,0,38,21,7,8,40,10
3W,0,0,0,125,161,179,265,289,326,202
3W,0,0,0,0,15,4,1,19,19,0
2W,0,3,6,10,0,0,0,0,0,0
3W,51,891,2889,568,2,0,0,0,0,0
4W,0,3,369,0,0,0,0,0,0,0
3W,0,0,1,0,0,0,0,0,0,0
3W,0,1,76,205,31,7,0,0,0,0
2W,0,0,0,0,0,0,0,0,0,28
3W,0,0,0,1,17,11,290,569,439,138
3W,0,0,2,128,158,48,43,77,22,7
2W,0,0,0,0,0,0,12,167,164,23
3W,0,408,2,0,0,0,0,0,0,0
4W,0,2,4,0,1,0,0,3,0,0
3W,0,0,0,102,468,295,760,1563,2650,2110
2W,0,0,0,0,0,0,0,335,473,150
2W,0,0,0,0,0,0,0,0,50,217
3W,0,0,0,0,0,0,0,0,2,3
2W,0,0,0,0,0,4,81,313,210,39
3W,0,0,0,0,87,207,168,160,157,47
3W,0,9,336,468,130,64,6,63,125,81
4W,0,0,0,0,7,0,0,0,0,0
2W,0,0,0,2,0,0,0,0,0,0
2W,0,0,0,0,0,0,0,8913,15816,4387
2W,0,1,331,8452,11850,5754,30659,103620,31616,3893
3W,0,0,0,0,0,3,0,0,1,0
4W,0,0,0,1,1,0,0,0,0,0
2W,0,0,0,0,0,0,240,109398,267355,211273
4W,0,0,0,0,0,0,1,0,0,0
MMV,0,0,0,1,11,7,0,3,12,0
3W,0,0,0,3,51,5,10,0,0,0
MMV,0,0,0,1,0,0,0,0,0,0
2W,0,0,0,0,0,0,1,0,0,0
3W,0,389,1079,1701,1610,672,1448,2930,3304,1461
3W,0,340,241,145,83,54,24,16,9,0
3W,0,0,0,35,12,1,0,0,44,768
3W,0,0,0,4,29,13,6,15,0,0
3W,0,0,0,27,388,345,795,1167,1203,550
3W,0,0,0,0,5,3,4,1,0,0
3W,0,0,0,0,0,3,12,102,283,188
3W,0,0,0,0,0,0,317,2785,3579,4592
4W,0,0,0,0,0,0,32,146,102,61
2W,0,0,0,0,0,0,0,172,67,13
2W,0,0,0,1,0,0,0,0,0,0
3W,0,0,15,22,0,0,0,0,0,0
2W,110,136,382,1929,1576,933,8541,15099,195,4
3W,1708,13401,15094,1687,312,199,777,2165,1435,174
4W,40,66,581,560,269,13,162,431,40,84
MMV,0,1,0,2,0,0,0,0,1,1
2W,0,0,0,0,0,0,0,93,351,56
3W,0,0,4,19,13,2,21,23,11,0
3W,0,0,11,138,234,115,66,46,41,11
4W,0,0,0,1,0,0,0,0,0,0
3W,0,0,29,44,3,0,0,0,0,0
3W,0,0,1,0,0,0,0,0,0,0
3W,0,0,0,0,41,57,47,0,0,0
3W,0,0,0,0,0,2,33,66,77,23
3W,0,0,2,0,0,0,0,0,0,0
3W,0,0,1,0,0,6,317,1120,3246,1822
4W,0,0,0,0,0,0,0,0,1,0
3W,0,6,62,210,246,156,160,484,572,265
3W,0,0,0,219,286,138,301,706,904,514
3W,0,0,0,0,285,63,181,1,65,24
3W,0,0,1,14,12,2,0,0,0,0
3W,0,1,2,3,20,1,0,0,0,0
3W,0,0,13,17,29,15,2,1,0,0
3W,0,1,18,9,44,59,28,24,21,6
4W,0,0,0,0,0,0,0,0,1950,916
2W,3,7,4,0,0,0,0,0,0,0
3W,5,4,3,11,1,79,2247,7431,21079,12869
4W,0,0,0,0,0,0,19,3,10,8
3W,0,0,0,0,0,0,1,0,0,0
4W,0,0,0,0,0,0,0,0,22,27
3W,0,0,271,503,504,255,206,34,18,360
4W,0,0,0,0,1,0,0,0,0,0
MMV,0,0,0,0,0,2,1,0,0,5
4W,1,0,2,0,0,0,0,0,0,0
3W,0,0,0,0,0,0,2,1,65,249
2W,0,0,0,0,0,0,0,23,214,89
3W,0,0,1,0,0,0,0,0,0,0
4W,0,0,0,0,0,0,0,60,96,54
2W,0,0,0,0,0,0,0,0,0,5
4W,0,0,0,0,0,0,0,0,0,9
3W,0,0,0,35,23,15,30,40,101,30
3W,0,0,0,0,0,0,0,6,8,9
3W,0,0,0,5,0,10,2,47,206,94
3W,0,0,0,0,0,0,0,0,33,79
3W,0,0,1,0,0,0,0,0,0,0
3W,0,0,0,0,0,0,0,0,13,99
3W,0,0,0,2,19,30,48,46,65,65
3W,0,0,10,0,0,0,0,0,0,0
3W,0,0,1,0,0,0,0,0,0,0
3W,0,0,18,23,9,13,21,0,6,11
3W,0,0,0,0,0,0,16,321,500,220
3W,0,0,0,0,2,0,0,0,0,0
3W,0,0,0,0,0,0,0,0,40,99
3W,0,0,38,1013,2606,1354,457,120,16,12
3W,0,0,0,0,0,5,13,15,0,0
3W,0,0,0,0,0,0,0,0,22,37
4W,0,1,0,0,0,0,0,0,0,0
2W,0,0,0,0,0,720,11044,14953,7191,3143
3W,0,0,0,0,1,0,13,35,23,8
3W,0,0,1,0,0,0,0,0,0,0
3W,0,0,0,0,14,23,45,125,338,462
2W,0,0,0,0,0,0,0,0,81,28
2W,0,0,0,0,0,0,0,0,10,21
2W,0,0,0,0,0,0,0,25,2371,3178
4W,0,0,0,0,0,0,0,0,2,0
4W,1,0,0,0,0,0,0,0,0,0
3W,0,0,0,0,77,229,96,170,501,276
3W,0,0,1,0,0,0,0,0,0,0
3W,0,0,0,0,0,7,35,20,18,9
3W,0,0,0,0,0,0,0,0,0,10
3W,0,0,0,0,0,0,0,0,0,12
3W,0,0,77,90,140,77,18,37,124,42
2W,0,0,0,0,1,0,0,0,0,0
3W,0,0,9,18,11,22,26,101,99,52
3W,0,0,0,0,0,0,0,0,1,0
3W,0,0,18,148,135,57,32,30,8,2
4W,0,0,0,1,0,0,0,0,0,0
3W,0,0,1,46,28,35,17,0,0,0
3W,0,0,1,0,0,0,0,0,0,0
3W,0,0,4,0,0,0,0,0,0,0
3W,0,0,0,0,0,0,0,0,4,18
3W,0,0,0,133,238,63,54,71,114,45
3W,0,0,0,0,0,0,5,35,575,564
3W,0,0,6,0,0,0,0,0,0,0
3W,0,0,13,129,58,10,10,47,152,150
3W,0,0,12,2,0,0,0,0,0,0
3W,0,0,60,22,19,2,1,10,2,4
4W,2,1,0,0,0,0,0,0,0,0
3W,0,0,0,0,0,0,0,0,20,452
3W,0,0,67,135,50,4,27,333,1176,990
3W,0,0,0,0,0,1,54,281,609,530
3W,0,0,0,0,0,3,3,9,1,0
3W,0,0,0,0,0,0,0,0,0,110
3W,0,0,0,0,0,0,0,0,0,4
3W,0,0,0,19,40,5,3397,188,1080,759
4W,0,0,0,0,2,0,0,1,3,0
3W,0,3,22,7,0,2,0,0,0,0
3W,0,0,40,197,112,53,41,63,96,42
2W,0,0,0,0,0,0,0,0,0,6
2W,0,0,1,0,0,0,0,0,0,0
3W,0,0,14,0,0,0,0,0,0,0
4W,2,1,0,0,0,0,0,0,2,0
3W,0,0,7,84,54,44,105,119,237,143
4W,0,0,0,0,0,0,1,0,0,0
3W,0,0,1,1,0,0,0,0,0,0
4W,5,1,26,19,0,0,0,0,0,0
2W,0,0,0,0,480,2098,4704,14910,6976,4650
2W,0,0,0,0,0,0,408,1564,822,176
3W,0,0,0,0,0,0,18,200,496,223
3W,0,0,0,0,0,0,0,0,0,162
2W,0,0,0,0,0,0,0,0,92,1134
3W,0,0,0,1,10,5,2,31,31,5
3W,0,0,0,0,0,0,0,0,4,65
3W,0,0,0,59,88,52,43,136,338,180
4W,0,0,0,0,0,0,0,0,0,1
4W,0,0,0,0,0,0,0,0,1,3
4W,0,0,0,0,0,0,0,0,0,2
2W,0,0,0,0,0,1,60,143,68,260
2W,56,34,4,1,1,0,0,0,0,0
3W,0,0,1,0,0,0,0,0,0,0
4W,1,0,0,0,0,0,0,0,0,0
3W,0,0,0,0,0,0,0,0,0,246
3W,0,0,0,0,0,0,0,0,32,107
3W,38,101,309,270,377,87,11,1,1,0
3W,0,0,1,0,0,0,0,0,0,0
3W,0,0,10,328,492,275,415,518,629,405
3W,0,0,0,79,140,62,49,189,126,44
3W,0,0,0,0,0,0,0,0,29,83
3W,0,0,0,1,2,0,0,0,0,0
4W,0,0,7,0,0,0,0,0,0,0
4W,0,0,2,0,0,0,0,0,0,0
3W,0,0,0,45,106,79,61,11,6,26
3W,0,0,1,0,0,0,0,0,0,0
3W,0,0,3,6,0,0,0,0,0,0
3W,0,0,10,1,0,0,0,0,0,0
3W,0,212,409,209,59,15,9,0,0,0
3W,0,0,2,0,0,0,0,0,0,0
3W,140,1203,1532,3226,5080,4153,7098,19314,29321,16408
4W,0,0,1,2,0,1,0,0,1,0
MMV,0,0,0,0,0,0,0,0,1,0
4W,1,0,0,0,0,0,0,0,0,0
3W,0,0,0,0,0,0,0,16,10,17
3W,0,0,1,0,0,0,0,0,0,0
3W,0,0,1,0,0,0,0,0,0,0
3W,0,0,0,0,0,0,0,1133,5788,5074
2W,0,0,0,0,0,0,0,0,22,7
3W,0,0,0,0,0,0,0,0,0,29
3W,0,0,0,0,0,0,7,142,36,11
3W,0,0,26,2,0,0,0,0,0,0
3W,0,0,0,55,35,2,6,241,175,65
3W,0,181,272,354,243,81,31,17,4,97
4W,0,0,1,0,0,0,0,0,0,0
4W,0,0,2,0,0,0,0,0,0,0
2W,0,1,0,0,0,0,0,0,0,0
3W,0,1,2,0,0,0,0,0,0,0
3W,0,0,0,0,16,3,2,0,5,21
3W,0,0,1,13,59,20,37,353,677,386
3W,0,0,1,0,0,0,0,0,0,0
3W,0,0,0,0,56,22,0,0,0,0
3W,0,0,11,0,0,0,0,0,0,0
3W,0,0,0,0,0,0,0,0,204,4
4W,0,0,1,0,0,0,0,0,0,0
3W,7,13,4,0,0,0,0,0,0,0
3W,0,0,10,233,182,341,565,1310,2831,2169
3W,0,4,12,2,0,0,0,1,2,0
2W,0,0,0,0,0,14,46,19,22,8
3W,0,0,1,0,0,5,4,5,1,1
3W,0,0,0,0,14,13,22,36,36,13
2W,0,0,0,0,0,0,0,0,3,12
3W,0,0,0,40,54,28,23,55,54,37
3W,0,0,0,32,79,59,130,401,911,700
3W,0,0,88,50,6,6,4,0,0,0
3W,0,0,0,0,0,0,0,16,49,14
3W,0,0,0,0,0,1,0,0,0,0
3W,0,0,0,63,28,49,28,60,31,23
MMV,1,0,0,0,0,0,0,0,0,0
3W,0,0,0,0,0,0,0,0,40,91
3W,0,0,63,155,188,191,281,415,787,522
3W,0,0,1,0,0,0,0,0,0,0
3W,0,0,0,0,0,0,0,213,617,360
3W,0,0,0,0,0,0,0,0,28,21
2W,0,0,0,0,0,0,0,0,0,1568
3W,0,12,11,20,1,1,0,0,0,0
3W,0,82,352,565,950,452,505,853,431,145
4W,0,0,0,1,1,0,9,0,0,0
3W,0,0,19,9,0,0,0,0,0,0
3W,0,0,30,92,61,8,10,5,110,138
3W,0,0,0,0,0,0,0,91,120,72
3W,0,0,0,0,0,0,0,0,0,72
3W,0,0,633,582,209,40,23,69,197,151
4W,0,2,2,0,0,0,0,0,0,0
3W,0,0,0,0,0,0,0,0,0,65
3W,0,0,0,0,0,0,0,0,0,35
3W,0,0,0,33,69,14,17,181,307,98
3W,0,0,44,39,0,0,0,0,0,0
3W,0,0,0,2,14,13,43,13,9,3
4W,2,2,5,8,0,0,0,0,0,0
MMV,0,1,0,0,0,0,0,0,0,0
4W,0,0,2,0,0,0,0,0,0,0
4W,0,1,0,0,0,0,0,0,0,0
3W,0,0,0,175,84,0,1,0,0,0
4W,0,1,0,0,0,0,0,0,0,0
2W,0,0,0,0,0,0,0,1,0,0
3W,0,0,49,575,794,433,645,1554,4086,3224
4W,0,0,0,0,0,0,0,1,2,0
3W,0,6,2,0,0,0,0,0,0,0
3W,0,1,1,0,0,0,0,0,0,0
4W,0,0,0,1,0,0,0,0,0,0
4W,1,1,0,0,0,0,0,0,0,0
4W,2,1,1,1,0,0,0,0,0,0
4W,1,0,0,0,0,0,0,0,0,0
4W,0,1,0,0,0,0,0,0,0,0
4W,0,1,0,0,0,0,0,0,0,0
4W,0,0,2,0,0,0,0,0,0,0
4W,6,11,8,5,0,0,0,0,0,0
4W,0,1,0,0,0,0,0,0,0,0
4W,0,0,2,0,0,0,0,0,0,0
3W,0,0,131,238,269,170,214,264,645,395
3W,35,469,127,26,0,0,0,4,3,0
3W,0,23,17,2,0,0,0,0,0,0
3W,0,0,0,1,0,0,0,0,0,0
4W,0,0,3,0,0,0,0,0,0,0
3W,0,0,0,0,5,4,2,8,0,0
4W,0,2,2,0,0,0,0,0,0,0
4W,1,0,0,1,0,0,0,0,0,0
3W,0,0,0,40,17,158,1318,2003,2726,1240
3W,0,0,0,0,6,4,0,0,0,0
3W,0,0,0,0,0,0,0,0,6,13
3W,0,0,13,28,21,0,0,0,0,0
4W,0,0,0,2,0,0,0,0,0,0
2W,0,0,0,0,0,0,0,0,65,568
4W,0,1,0,0,0,0,0,0,0,0
3W,0,0,0,0,0,0,0,0,359,322
3W,0,0,0,96,97,42,46,38,136,63
3W,0,0,0,24,45,44,24,5,27,53
3W,0,0,0,0,0,15,1,0,5,2
4W,0,1,0,0,0,0,0,0,0,0
4W,0,1,0,0,0,0,0,0,0,0
3W,0,24,285,331,188,42,47,98,24,8
3W,0,0,0,0,63,8,0,4,12,33
3W,0,0,20,0,0,0,0,5,2,0
3W,0,0,203,770,1354,854,2236,6308,10078,5687
4W,0,0,0,0,3,0,0,0,0,1
3W,0,301,344,285,447,393,520,90,40,14
3W,0,0,0,0,0,0,0,0,1,143
2W,0,0,0,0,0,0,0,0,15,2
3W,0,0,4,23,25,31,38,48,47,44
3W,0,0,0,0,0,0,0,0,2,0
3W,0,0,0,0,0,0,0,0,4,0
3W,0,1,17,0,0,0,0,0,0,0
4W,0,4,0,0,0,0,0,0,0,0
MMV,1,0,0,0,0,0,0,0,0,0
3W,0,0,0,61,121,28,44,23,187,244
2W,0,0,0,0,0,0,0,0,132,232
3W,0,41,109,380,320,41,74,173,64,22
4W,0,0,1,0,0,0,0,0,0,0
3W,44,252,138,13,0,0,0,0,0,0
3W,0,0,0,0,0,0,0,8,87,20
3W,0,0,85,64,19,11,3,1,5,2
3W,0,14,11,0,0,0,0,0,0,0
3W,0,33,427,900,913,891,1877,3734,4770,2228
3W,227,287,164,15,0,13,73,131,12,0
3W,0,0,0,5,162,113,481,1222,2121,941
4W,1,0,0,0,0,0,0,0,0,0
3W,0,1,0,0,0,0,0,0,0,0
2W,0,0,0,0,0,0,77,60,24,0
3W,0,0,69,141,391,311,603,1746,2248,1021
3W,0,0,0,0,0,0,0,340,767,620
3W,0,0,0,0,0,0,0,2,0,1
3W,0,0,3,0,0,0,0,0,0,0
3W,0,0,0,185,361,257,434,2217,2077,1133
3W,0,0,0,0,0,12,81,211,570,315
3W,0,0,0,0,0,0,0,0,0,47
3W,0,17,30,6,0,0,0,0,0,0
3W,0,0,0,0,0,0,0,11,175,223
3W,0,0,0,2,0,18,10,4,0,0
2W,0,0,0,0,0,0,0,0,0,1
3W,0,0,9,197,345,216,78,77,286,162
3W,0,0,0,0,0,0,0,0,0,2
3W,0,0,0,0,0,0,0,0,0,207
3W,1,3,7,4,0,0,0,0,0,0
3W,0,0,6,0,0,0,0,0,0,0
3W,0,1,1,0,0,0,0,0,0,0
3W,0,0,0,0,0,0,0,0,11,112
3W,0,0,0,0,0,0,0,0,36,31
3W,0,0,6,0,0,0,0,0,0,0
3W,0,0,0,0,0,0,1,0,0,0
3W,0,0,0,0,17,0,0,0,2,7
3W,0,0,0,0,0,9,28,82,142,52
3W,0,0,0,0,0,1,94,1006,1198,538
3W,0,0,0,0,0,0,0,0,2,107
2W,0,0,0,1,0,7,8,14,128,15
3W,1,8,325,700,444,157,134,55,134,71
3W,0,1,47,5,0,2,0,0,1,0
3W,0,0,3,111,82,116,356,1038,2020,1390
4W,0,0,0,0,0,0,0,0,0,1
3W,0,0,0,0,0,0,0,0,0,50
3W,0,0,0,0,0,0,64,244,434,219
3W,0,0,0,0,0,2,0,0,4,3
3W,0,0,0,0,0,0,0,0,16,13
4W,1,2,0,0,0,0,0,0,0,0
2W,17,24,20,2,1,0,0,9,0,0
3W,0,0,1,0,0,0,0,0,0,0
3W,0,0,0,0,0,0,0,0,84,17
3W,0,0,0,19,18,0,0,0,0,0
3W,0,0,0,0,0,0,15,7,5,4
3W,0,0,0,0,27,40,0,0,0,1
4W,0,0,0,0,0,0,0,1,0,84
3W,0,0,0,0,11,13,58,227,77,51
3W,0,0,0,2,145,161,326,1240,2845,1948
3W,0,0,1,0,0,0,0,0,0,0
4W,0,1,0,1,0,0,0,0,0,0
3W,0,0,0,1,0,0,0,0,0,0
3W,0,0,0,0,0,0,0,6,11,3
3W,0,0,0,0,0,0,0,0,26,54
2W,0,2,0,0,0,0,0,0,0,0
3W,0,0,1,0,0,0,0,0,0,1
4W,9,10,3,144,419,2717,10033,1621,1766,3076
MMV,1,0,4,4,119,26,253,15,275,5
4W,0,0,0,0,0,0,0,30610,21420,490
4W,0,0,0,0,0,0,0,0,38580,35830
3W,0,0,0,0,35,24,76,234,346,170
3W,0,0,0,24,141,16,7,42,1,0
4W,0,0,0,0,0,0,1,0,0,0
3W,0,15,6,1,0,0,0,0,0,0
3W,0,64,893,2704,3545,2631,3404,7876,8810,4959
4W,0,0,0,0,1,0,0,0,0,0
3W,0,0,0,0,32,14,38,79,58,4
4W,0,0,0,0,1,0,0,0,0,0
3W,0,0,0,0,0,0,0,0,8,10
2W,0,0,0,0,0,0,0,1,48,8
3W,326,1493,1825,2850,3303,1986,3895,5915,7271,3924
3W,0,0,0,0,0,0,0,1,1273,3139
3W,0,14,58,919,1103,869,943,1382,1743,809
2W,0,0,0,0,0,1,0,319,1589,931
3W,0,0,0,1,0,0,0,0,0,0
4W,19,24,12,28,3,0,6,1,0,0
4W,0,0,0,0,1,0,3,0,0,0
3W,0,0,0,0,9,0,0,0,0,0
3W,0,0,0,0,0,2,13,9,57,120
3W,0,0,0,11,108,146,416,1355,1361,422
3W,0,0,2,71,61,10,2,0,10,1
3W,0,0,0,5,6,0,0,0,3,4
3W,0,5,42,47,26,5,0,7,296,227
3W,0,0,0,0,10,35,35,29,30,9
3W,0,0,0,0,208,82,193,391,987,460
2W,0,0,0,0,0,0,1,58,44,16
2W,165,171,69,23,30,233,5258,47182,166580,98516
3W,2,6,6,3,0,0,0,5,97,99
3W,0,0,0,0,19,4,6,6,11,6
3W,0,4,357,356,448,454,311,476,1505,449
3W,0,0,0,260,368,289,940,2724,3848,2002
2W,0,0,0,0,0,2,25,40,31,6
3W,22,210,135,1,4,0,0,15,3,0
3W,0,0,0,45,34,16,0,0,0,0
3W,0,299,791,581,656,304,499,1978,2438,1760
4W,0,0,0,0,0,0,0,1,2,0
2W,0,0,0,0,0,0,0,0,256,69
3W,0,3,23,126,41,2,1,34,137,50
3W,0,1,0,6,1,0,0,0,0,0
3W,0,0,0,26,99,37,72,191,211,125
3W,0,0,13,0,0,0,0,0,0,0
3W,0,0,1,2,1,0,3,0,0,0
3W,0,0,0,0,0,0,0,0,26,874
3W,0,0,1,174,313,185,778,1671,3580,2132
3W,0,0,266,1515,2125,1776,3988,10246,13572,8121
4W,0,0,0,0,0,0,0,3,3,0
3W,0,1,0,0,0,0,0,0,0,0
3W,0,0,42,657,788,291,226,321,272,194
3W,0,0,0,3,0,0,0,0,0,0
3W,0,0,0,0,0,0,0,156,355,208
3W,0,0,0,0,0,0,0,0,0,17
3W,0,36,0,0,0,0,0,0,0,0
3W,0,0,50,258,197,82,59,59,9,0
3W,0,0,3,1,0,0,0,0,0,0
3W,0,6,3,113,103,152,78,72,26,3
3W,0,0,0,0,0,0,12,17,23,89
3W,0,0,211,1996,3217,3083,3924,5969,7832,4577
3W,0,0,0,1,4,1,0,0,0,0
3W,0,1,3,0,0,0,0,0,0,0
3W,0,9,12,0,0,0,0,0,0,0
4W,0,0,0,0,0,0,0,0,6,27
MMV,0,0,0,3,0,0,0,7,0,0
3W,0,0,0,0,0,0,1,6,11,3
4W,0,0,0,0,0,0,1,0,0,0
3W,0,0,0,9,38,22,24,132,171,59
MMV,0,0,0,0,0,0,0,0,1,8
3W,0,5,22,0,0,0,0,0,0,0
3W,0,2,3,0,0,0,0,0,0,0
3W,0,1,282,329,306,212,329,398,574,204
3W,0,4,10,8,39,1,27,0,0,0
3W,4,4,8,4,0,0,0,0,0,0
4W,0,0,13,15,0,0,0,0,0,0
3W,0,0,1,0,0,0,0,0,0,0
3W,0,49,79,7,0,0,0,0,0,0
4W,2,0,0,0,0,0,0,0,0,0
3W,0,0,59,59,15,2,1,10,25,2
3W,107,846,1466,2381,1971,858,1243,2135,3319,1402
4W,0,2,3,1,1,0,0,0,0,0
3W,0,0,0,0,0,0,35,193,256,138
3W,0,0,1,0,0,0,0,0,0,0
3W,0,0,0,0,0,0,26,1355,4807,3091
3W,0,0,0,0,0,0,67,248,181,142
3W,0,0,0,0,0,0,0,0,11,22
3W,0,0,0,74,183,74,130,407,831,704
4W,0,0,11,0,0,0,0,0,0,0
3W,0,0,0,0,16,34,12,9,39,37
2W,0,0,0,0,0,0,0,0,0,1
3W,0,0,0,0,0,34,100,140,36,20
3W,0,0,0,0,0,0,0,1,92,22
3W,0,0,0,35,30,19,3,6,123,162
3W,0,0,0,0,4,0,0,2,10,2
4W,0,0,1,0,0,0,0,0,0,0
3W,0,0,0,0,0,0,0,2,3,2
3W,1,1,1,0,0,0,0,0,0,0
4W,0,2,1,0,0,0,0,0,0,0
3W,0,3,26,30,16,2,0,0,0,0
3W,0,0,0,21,5,6,0,0,0,0
4W,0,2,2,0,0,1,0,0,0,0
4W,0,0,0,0,0,0,0,35,570,317
3W,0,0,0,0,0,0,0,0,0,3
3W,0,6,44,151,290,191,113,446,1080,847
3W,0,0,0,0,0,0,44,7,0,1
3W,2,77,22,5,0,1,0,0,0,0
2W,0,0,0,0,0,0,0,314,6910,7166
3W,0,0,0,0,0,0,0,0,0,18
4W,0,0,0,0,0,0,0,0,0,2
2W,0,0,0,0,0,0,0,0,1,23
3W,0,0,0,0,0,0,0,13,80,20
3W,0,1,2,1,0,0,2,0,0,0
3W,0,0,0,25,67,68,22,114,30,29
2W,0,0,0,0,0,0,21,82,42,20
MMV,1,0,0,0,0,0,0,0,0,0
3W,0,0,26,61,17,0,0,1,2,2
2W,0,0,0,0,0,0,0,6,15,6
2W,0,0,0,0,0,0,0,2,275,64
2W,0,0,0,0,0,0,0,0,4,63
2W,0,0,0,0,0,0,0,0,0,1
2W,0,0,0,0,0,0,0,0,10,4
2W,0,0,0,0,0,0,0,0,68,21
3W,0,0,0,0,0,0,0,0,0,4
2W,0,0,0,0,0,0,0,0,8,9
2W,0,0,0,0,0,0,0,12,15,4
2W,0,0,0,0,0,0,0,0,2,11
2W,0,0,0,0,0,0,0,1,426,282
2W,0,0,0,0,0,0,0,0,4,22
2W,0,0,0,0,0,0,0,4,182,109
2W,0,0,0,0,0,0,0,6,54,3
2W,0,0,0,0,0,0,0,0,1,45
2W,0,0,0,0,0,0,0,0,0,48
2W,0,0,0,0,0,0,0,0,37,6
2W,0,0,0,0,0,0,0,0,35,16
2W,0,0,0,0,0,0,0,0,72,157
2W,0,0,0,0,0,0,0,0,22,10
2W,0,0,0,0,0,0,0,0,389,168
2W,0,0,0,0,0,0,0,0,8,1
2W,0,0,0,0,0,0,0,0,0,36
2W,0,0,0,0,0,0,0,0,2,7
2W,0,0,0,0,0,0,0,0,12,4
2W,0,0,0,0,0,0,0,15,278,167
2W,0,0,0,0,0,0,0,0,17,18
2W,0,0,0,0,0,0,0,0,12,12
2W,0,0,0,0,0,0,0,0,316,102
3W,0,42,62,3,0,0,0,0,0,0
3W,0,31,49,15,11,1,1,12,2,0
3W,0,22,86,87,129,43,39,15,6,0
3W,780,3348,43,46,1,0,0,0,0,0
3W,0,0,0,0,29,88,58,1,3,79
2W,0,0,0,0,0,0,0,25,16,1
2W,0,0,0,0,0,0,0,1,9,0
2W,0,0,0,0,0,0,0,0,4,1
2W,0,0,0,0,0,0,0,0,61,96
2W,0,0,0,0,0,0,0,13,27,13
2W,0,0,0,0,0,0,0,0,11,13
3W,1,1665,7434,10816,13213,9543,15793,29793,40794,23892
4W,0,0,0,0,2,2,0,1,2,0
3W,0,0,30,14,24,8,1,0,0,0
3W,0,0,2,0,0,0,0,0,0,0
2W,0,0,0,0,0,0,0,0,82,109
2W,0,0,0,0,0,0,0,0,80,101
2W,0,0,0,0,0,0,0,0,0,3
2W,0,0,0,0,0,0,0,0,0,36
2W,0,0,0,0,0,0,0,0,2,11
2W,0,0,0,0,0,0,0,0,218,232
2W,0,0,0,0,0,0,0,0,0,23
2W,0,0,0,0,0,0,0,0,36,67
2W,0,0,0,0,0,0,0,0,20,37
3W,0,0,0,71,31,3,4,5,0,0
4W,0,0,0,1,0,0,0,0,0,0
2W,0,0,0,0,0,0,0,35,128,48
2W,0,0,0,0,0,0,0,0,32,7
3W,0,0,0,16,2,2,1,0,0,0
3W,0,10,605,789,1621,1281,931,1561,2836,2626
4W,0,0,0,0,0,0,0,1,0,0
3W,0,0,0,0,0,0,118,223,718,612
3W,0,0,0,0,0,0,0,382,3563,3578
3W,0,0,0,0,0,0,0,3,11,55
3W,0,0,4,12,12,8,15,23,37,19
2W,0,0,0,0,0,0,0,21,45,9
2W,0,0,0,0,0,0,0,0,64,6
2W,0,0,0,0,0,0,0,0,0,54
2W,0,0,0,0,0,0,0,0,0,5
3W,0,0,0,0,0,0,0,5,131,74
